faeceafe6a40e0b9f707	1zdusSD5p6s5yEIwmsQTv_DU0RlmCkUdi
e66d515414170206051c	1-TxuG4LGvCA62qj6iEZNK0Ka8NNZWvfv
d8ca2b735297004b9c99	1xmELOMLz5isTIctMVhovbaS0SBk4rwCM
f4f4ec570d77316cd24d	1Os4RxKXTVUTUSKc9fB7QmJTDr9bczLDx
f3e109a400270b76b90a	1kRwn22L3J1AGzgzJr0TIAZPjFvRvxbyC
ea09165055569c5023e2	1iY6dfai-FOqmTJ1effmnmAusI8K3D-9C
ffbf78c0ae7987879a91	1Uw5IlxBkVXwnfb-m2uCH_xVDUglL7Pf7
b8174f5217bf49ba725e	178_zv80aUEImjmZqWmrNpUjSMUjjlsVH
9832e692696678a2f0a4	1G_7ZT2QYC2p6d3LBkM2cTPpCOIui-iUG
88901a5908b4b070d340	1Apvj57xaU7--AApnHB8wLYdVHkcuUaVr
9d63c703e2abed125565	1eysfk94BQzE0JyulzXu_2beZwaWyXFjU
8674ef79c25e0d9e9d96	1Jttd7kCOwEk4YfPz8sO2SLvLFIMu5Ojz
78f9ba540157763a990e	1tbZv-fYyBVQlBUsE11k28Qgnz4kouawj
e5660a30e06fb0ebf757	18StR9_pdbPg1RgpEJoEeL-cQF4bz_B43
d80bef1310bd82b3e2a3	13uWfBKrBW-18xqjDrgywEvklrxcbXg5l
be0a74495bbefa3671eb	1ZtnelFMAoCg3MPwhDys9yYhUOkqxEmQU
8eff3ad666d06005a7a4	1xaWFcMPSGRAzVzfI9G5kRCXGv7g2TGoa
993f21387ac78e9995c9	1lbE8cEHHNr4OFW4AmyxoUwy-GumRM8y8
f90c1a4a69ae61bb26e9	1PmNWS-1hXZNYwzHOU7umTNu7gA6uSqDb
ce12839c9503d5c0084c	1U6__bOm7sKm5YaX0WE3Ba-xFP2Gccj_x
cdda90aec9e031000c05	1jm6HK3NS5-lxTHcUyp3b-CoBdlYqY41W
a5e798e74340b4950eb3	1BIaxOpLRDV9CsvE6YTzi6FKkJi2xsfPC
7b1e31e0050280739731	1ShQyJGBLe__-t8g_d8NYNmq9DT50njR_
823264e0bb000547941a	1DRPJZpW_QX5K7vzQqJRQGrg7a6tC9dzM
7a29264b05b5980c00b0	1ay71T_jbECbJb6tywtTlBLlOmPBxwUDN
751a3c301029002d0606	1pxheErLn74vZCCiatbzlF5DFePdr4b-D
240f49e831604c4e90f3	1q-E3c3c2swGSkl7DoK__-OkNKY4A1rzp
47670e22a3e92cb4ee00	1GQ8lQudtSwZLFL4E9TA7vxNeY_Ei3KpN
3476773086f1c2a4fa95	1TxzNZYfaMYOyjBm_p2nuyQvsMTBtSLrS
6af92fc9e27d8d8c212b	1IZBBHMDwQp-yrspYNEK1qJSNesl_SCFS
293439b05961628068b6	1UPJ2jP8zctgm402KvXb2fjKpQGYfQCFK
311dcc14da742e438eb1	1p8xQYb3PUtkc1rUkiDNTcfEVnnOeYyAK
53035cc9443b24607053	1naagCotvj6QVmTqKpd7LNTspuSE33-Os
5fe32299eb2aa8a208d5	1ZbjkBdeLvq6R4OJPtTNFgQlmpu4DalEj
401c5a4266b30b7bbb70	1SIN2tmcUF3TEicaBLWD0j6QpybHlPS8Z
4a02bf1ed6098c01b007	19W41OCsEPGX3NZus2sMIriHwduWD3EcX
5e3d5d542eeaadcb8321	1_yvKtDTngSiAigmSCTHJedU7ZlFtGW10
7398cc3706c991c5f22f	1JQEVLFpoM8KJJTHgw5cJdWM7IkdULqqj
2f5036dd87ebed0d9295	1fKMjHWPpH-olO3JqygrWcolk54dAEDpo
1ca6c57cb722d7c4640c	1FL5PZXGBJI1JLtZ1UpjXagR57Ats67Ff
26dd71e5380684d38809	10835Vp8OLHNoX6U5zfqqZNr3Khb3p52X
25911a4814e23c356806	103rjJmcoG-srjGavvzGlUy1hUB_gOc83
100c623a9bd89596d9a1	1wxJsJxFdOdII13Av5J-sBuEDHJJ00Az6
33d72bc84ad834013a80	1b9HeoZi0HwRdP5OPijMNUMSfkrJXogUI
0b9f72ed131181273471	18WC6sPjDVW-1hMdnbGEVrM9ggdhQPP8F
154275ebdd68c4a1627d	1C-KFzGBRA2gN7ZYmmgVYXh7NPMR4ZaGj
219fd905e20819ca3221	1r6hUWXyhnSj8wItlN52YwiYb6qhIRu-d
04692ca224ee1c01650d	1g0NOW4XirA_K0Zk3INOKHM2TgK204x2F
2213ff0b663c160d7b7c	1fdpKTFFU3vaQBVxjCFbyTwiweVb1zqwK
