DW_Properties	16IwzYdLLdCO-NDqLum0sVF2_JV-Ie_TJ
DW_Leads	1LWYHhN0dsfQVQ7JUCmBfq7FfehHcIU3p
DW_Tenant_Charges	1oghhC2iiwEV3Ny5oqONzMft2S31y_qFc
DW_Tenant_Receipts	1dILaB0tegHgN3DknZT0K_xbpFa9o7opk
DW_Deals	1a-rlQZl2D2PRQvWtN3tAfeoukFxfMJbw
DW_Renewals	1NPq-e0x-6o2j_FkaDDSiSDOuIw7YfHrG
DW_Tenant	1Z27Q3GmZkYl9Xxur5_9f3s2gzzg91HlW
DW_Tenant_Secondary	1xPzBt98YJsOuFhf0BmNr-765SutxdoB-
DW_WO	1IQZT30KUquJWvDoKtanx3UKY8pLyR5YJ
DW_Turns	1pn4lLDg-wWQc6fGMaLg1_i7JvVuOeyVD
DW_Inspections	1TANcTs6sOkUtkKKx_pMpUSq4dsidWRsB
DW_Listings	11erSSKvF4kroSixxjYZ2YaLJoibzyDHX
DW_Occupancy	1x_aNyLdWCekRnnbS2JZKA0Tl5YoE4YHX
DW_MoveOut	1lXkgKSp0cBBXIxKcna7Cupfsx6GUktTY
DW_Off Market	1wEAKFP82h7rZHWjyM_gkJDCgyDIRJY1V
DW_Showings	1Nrx60FnQYRouigeRpnhcWeZOSnacCSC2
DW_Tenant_Monthly_Charges	1EtP94gdE3n_Bv6r1t6mu9LXr1HHZdHEU
DW_Rent_Comps	1CADvPxc-4f0jAHsQGy3GitTL6l0gHyw0
GS_CodeViolations	1C57bmCna2sCxwhZ-xwqDGu1SjJiF2Lpy
GS_RentCast	1wv27D4qcyWPZ1UU4QQzKs4Ai_-F8skb4
GS_RateCards	1--jx2XVQU0g3TYWl1UKHouKa-9VheXOw
SP_PPW	15gUK8WgivhqSL5otNEn4KYSUB8Q7cuKb
SP_Engrain	187eG_jsLqM9sqbZnsQ4_A6AhubQ0B-UK
PM_BOM	1wcO_FnnjRQ6TCF12Ig39Z1k1wbhVFrHt
PM_Listings_BOM	1WuEZy_MW9UUUNHR3Ekng4GSmfcIW8goU
PM_PropStatus_ALL	1XdlXxaTQ5PR4PiEK6CVSSssD01v_ga8_
QC_ResiAims	1ybJ8bwhlduz1mBoULLUEHYiZaFhtgmYC
SEL_CR_CL	15xbAc0_LywfR0rSCDcLYBX5okL3BELPn
SEL_Collections_Type	1CbMeQksuCg0pBM5sRYQGIT-xRY-LRCwJ
SEL_Contact_Owner	1_OUSf1ftqzKaIIBeXhk73wWNOXUoIF73
SEL_DemandLetters	1eTH-lvKpaFTkP23UpGt5kGgpsPVQSEDi
SEL_LeaseType	1o7FDz8IlStPl9WKCTR9WUsgFqPO7a3DW
SEL_Transcard	1H4ObCHrfcHhpSfO2haAicZ5rzJ7EOH2i
SEL_WO_CHART	1HehFaOrY5wDviKXJ3m9s_jqBj9Gmbzd6
LTO	1yDTKj3M7iL72f1M3fpNbu6LRSN-tdqEO
0_Days	1gwKV4IDDqoJ_d6Oe_rHMO6FEogSzaUP5
0_Days_Agent	1KAzRYldPBXbtSDxeO_a12yJ8-Ry96OTS
0_Month	1HBLTgobisQ3rP-GTMENSxqLqepmWlhEY
0_Month_Exp	126Ba5eL3nFnGiBgwS5t57FSxofZBbdYz
0_DRC	1BtwqvP98DYdxxC5I6RbuAI2hIzY0GmQt
relationships	1_SOeVWd_Z_EY5fM7sgfgBETMo6m6gXmz
